Problem;Kodierung;k;middletime;endtime;logendtime;numClauses;lognumClauses;status
DigiTomo_Cats;SinzParallel; 0.2;30;248;2.3944516808262164;718;2.8561244442423;SATISFIABLE;
DigiTomo_Cats;SinzParallel; 0.4;32;172;2.2355284469075487;4225;3.625826713285711;SATISFIABLE;
DigiTomo_Cats;SinzParallel; 0.6;36;308;2.4885507165004443;10881;4.036668810300097;SATISFIABLE;
DigiTomo_Cats;SinzParallel; 0.8;209;403652;5.606007108651003;21295;4.328277644409767;SATISFIABLE;
DigiTomo_Cats;SinzParallel; 1.0;186;76671;4.8846311276836465;34169;4.533632268794755;SATISFIABLE;
