Problem;Kodierung;k;middletime;endtime;logendtime;numClauses;lognumClauses;status
DigiTomo_Cats;NiklasseBDDs; 0.2;25;927;2.967079734144497;1304;3.1152775913959014;SATISFIABLE;
DigiTomo_Cats;NiklasseBDDs; 0.4;65;566;2.7528164311882715;8016;3.9039577085231705;SATISFIABLE;
DigiTomo_Cats;NiklasseBDDs; 0.6;168;584;2.7664128471123997;23819;4.37692352441803;SATISFIABLE;
DigiTomo_Cats;NiklasseBDDs; 0.8;271;606552;5.782868039077269;56055;4.7486143569053185;SATISFIABLE;
DigiTomo_Cats;NiklasseBDDs; 1.0;440;87400;4.941511432634403;112645;5.051711919356773;SATISFIABLE;
